Variable,Coefficient,Std_Error,t_stat,p_value,r2_within,r2_between,r2_overall,f_statistic,f_pvalue,n_obs,n_entities
Return_lag1,2.1201666074543093,11.336341528279673,0.18702388263138817,0.8516510038716971,,,,,,,
Return_lag2,13.892291311820475,14.066429429309933,0.9876203041884525,0.3233959252033727,,,,,,,
Return_lag3,-7.966634329143511,10.21173172449402,-0.780145282316281,0.4353496331452713,,,,,,,
month_end,616.395846031009,17.022335732650667,36.21100275026861,0.0,,,,,,,
Peer_Agg_Flow,-32.89915638197438,0.9231613624279894,-35.63749277314523,0.0,,,,,,,
_SUMMARY_,,,,,-109.32281808031783,-17.768281580474977,-106.75290203323209,26549.45501195327,1.1102230246251565e-16,4360.0,44.0
