Variable,Coefficient,Std_Error,t_stat,p_value,r2_within,r2_between,r2_overall,f_statistic,f_pvalue,n_obs,n_entities
Return_lag1,2.1201666074543133,11.336341528279569,0.18702388263139025,0.8516510038716953,,,,,,,
Return_lag2,13.89229131182048,14.06642942931002,0.9876203041884467,0.3233959252033751,,,,,,,
Return_lag3,-7.9666343291435044,10.21173172449382,-0.7801452823162958,0.43534963314526287,,,,,,,
month_end,616.395846031009,17.0223357326507,36.21100275026855,0.0,,,,,,,
Peer_Agg_Flow,-32.89915638197438,0.9231613624279911,-35.63749277314517,0.0,,,,,,,
_SUMMARY_,,,,,-109.32281808031783,-17.768281580474977,-106.75290203323209,26549.45501195327,1.1102230246251565e-16,4360.0,44.0
