Variable,Coefficient,Std_Error,t_stat,p_value,r2_within,r2_between,r2_overall,f_statistic,f_pvalue,n_obs,n_entities
Return_lag1,-6.665615084362992,2.7459529178318065,-2.4274324009991166,0.015249053577773841,,,,,,,
Return_lag2,-6.855958172787779,2.2662545134988186,-3.025237515005771,0.0024998418089294816,,,,,,,
Return_lag3,-6.510361482901142,1.7761309223917705,-3.6654738684095256,0.0002500175266337834,,,,,,,
month_end,1.758784494012383,0.32324315939101045,5.441057120360814,5.606812236713665e-08,,,,,,,
Peer_Agg_Flow,-40.52705975427222,2.19950578496455,-18.425529967371922,0.0,,,,,,,
_SUMMARY_,,,,,0.8961974882916073,0.9939540657966043,0.9031085747202816,44621.58734730286,1.1102230246251565e-16,4272.0,44.0
