Variable,Coefficient,Std_Error,t_stat,p_value,r2_within,r2_between,r2_overall,f_statistic,f_pvalue,n_obs,n_entities
const,1.6107866717245594,50.71567155931966,0.03176112278904757,0.9746669982669636,,,,,,,
Return_lag1,-314.55138812425594,371.87087134374485,-0.8458618632527829,0.3977718195306794,,,,,,,
VIX_Close,3.3815074058536756,3.205562753192296,1.0548872900666701,0.291655693158382,,,,,,,
_SUMMARY_,,,,,0.0012169746584016483,-0.022985183430053846,-0.00016990157662744032,0.8681509618313862,0.41994879636767013,1471.0,44.0
