Variable,Coefficient,Std_Error,t_stat,p_value,r2_within,r2_between,r2_overall,f_statistic,f_pvalue,n_obs,n_entities
const,17.102187421702904,8.372730765340775,2.0426056803949835,0.04116743542356782,,,,,,,
Return_lag1,296.50468027672537,97.69232661718637,3.035086690468515,0.002422629616914973,,,,,,,
Return_lag2,312.99366305319523,78.7374510213267,3.975156154958817,7.177543790337637e-05,,,,,,,
Return_lag3,198.01805037317834,38.646382722111234,5.123844365901904,3.158177586115585e-07,,,,,,,
Volatility,-95.34173635594414,130.07811236422202,-0.7329575639057926,0.46363416614665365,,,,,,,
_SUMMARY_,,,,,0.04049125848311341,0.010651489666461011,0.03952507860138721,36.35529065431467,1.1102230246251565e-16,3494.0,44.0
