Variable,Coefficient,Std_Error,t_stat,p_value,r2_within,r2_between,r2_overall,f_statistic,f_pvalue,n_obs,n_entities
const,10.185906396981581,4.921492837023154,2.0696781920224625,0.03867447921629341,,,,,,,
Return_lag1,-20.269313312822824,7.636340918465543,-2.6543227350954584,0.00804121051020501,,,,,,,
Excess_lag1,5.991146570709874,15.436178965941783,0.3881236790483366,0.6979863896321972,,,,,,,
VIX_Close,-0.19486073593206837,0.24404435954002945,-0.7984644115493531,0.42474305380799526,,,,,,,
Peer_Agg_Flow,-42.90135099226049,0.10356343704269898,-414.2519041210689,0.0,,,,,,,
_SUMMARY_,,,,,0.9989504127206517,0.9999548620181928,0.9991038486722816,317648.3812308631,1.1102230246251565e-16,1383.0,44.0
