Variable,Coefficient,Std_Error,t_stat,p_value,r2_within,r2_between,r2_overall,f_statistic,f_pvalue,n_obs,n_entities
const,6.310585590045204,0.1383090429120497,45.626702760556924,0.0,,,,,,,
Return_lag1,-16.247000770106524,4.208997936199285,-3.860063848065824,0.00011876417642331383,,,,,,,
Peer_Agg_Flow,-42.90069372531175,0.10295237025886673,-416.7042839076057,0.0,,,,,,,
_SUMMARY_,,,,,0.998949442798453,0.9999543643471926,0.9991024824202244,636135.9250577359,1.1102230246251565e-16,1384.0,44.0
