Variable,Coefficient,Std_Error,t_stat,p_value
"lag(Flow, 1)",-0.005093302141766946,0.0024895375629611347,-2.045882824804142,0.04076790054052244
Return_lag1,-12.599567937644839,5.064239927259406,-2.487948461885631,0.012848235063773798
Peer_Agg_Flow,-41.433868545154084,0.17632473890681205,-234.98613298416373,0.0
