Variable,Coefficient,Std_Error,t_stat,p_value,r2_within,r2_between,r2_overall,f_statistic,f_pvalue,n_obs,n_entities
Return_lag1,263.7156064934953,65.50495009060855,4.025888213466546,5.773577363132887e-05,,,,,,,
Return_lag2,251.2648213609488,67.86801655123274,3.702256734897682,0.00021636149162351792,,,,,,,
Return_lag3,164.9566527019894,30.035847484314043,5.491992619423726,4.20294854475145e-08,,,,,,,
month_end,10.704886344766251,2.5005061071334382,4.281087862264114,1.9002488583774735e-05,,,,,,,
quarter_end,-2.754555122185938,2.7786239071413026,-0.9913378759559703,0.3215762613332531,,,,,,,
january,16.033384285620357,12.011400360608338,1.3348472121703816,0.18199684643766356,,,,,,,
_SUMMARY_,,,,,0.03614166233835592,0.009168067151796855,0.03580863437451276,32.329793757585854,1.1102230246251565e-16,4360.0,44.0
