Variable,Coefficient,Std_Error,t_stat,p_value,r2_within,r2_between,r2_overall,f_statistic,f_pvalue,n_obs,n_entities
const,17.053170582896605,1.143892842846677,14.908014058780457,0.0,,,,,,,
Return_lag1,58.64322599869944,38.46019976653495,1.5247769474594923,0.12738811179753662,,,,,,,
Return_lag2,81.23394174779628,49.01244427224182,1.6574146210007137,0.09750845597885704,,,,,,,
Return_lag3,22.291869854348835,45.073557897388454,0.4945664574582079,0.6209313915771917,,,,,,,
Excess_lag1,297.3633626125057,108.22364988778021,2.747674495554799,0.006026921545233321,,,,,,,
Excess_lag2,259.682375085102,93.49302546519533,2.777558794284329,0.005500580208438466,,,,,,,
Excess_lag3,217.38498462896789,90.81222692272307,2.3937854184982412,0.016718003132394355,,,,,,,
_SUMMARY_,,,,,0.042321560954935666,0.015649844379868494,0.041988396491768,31.74446318635172,1.1102230246251565e-16,4360.0,44.0
