Variable,Coefficient,Std_Error,t_stat,p_value,r2_within,r2_between,r2_overall,f_statistic,f_pvalue,n_obs,n_entities
Return_lag1,265.07906979668,66.9262497295712,3.960763838819367,7.590457195671974e-05,,,,,,,
Return_lag2,250.51461426013185,69.46808815167539,3.606182650559818,0.00031421775929829643,,,,,,,
Return_lag3,163.99144919281196,31.68724815225686,5.17531369101018,2.3777378022060702e-07,,,,,,,
month_end,10.70136709517565,2.9385014986339653,3.641776973791044,0.0002739120675305795,,,,,,,
quarter_end,-2.752012465514546,2.7655841374817203,-0.9950926562735017,0.319746499816725,,,,,,,
january,16.101655461283702,12.014704786774677,1.3401623882600746,0.1802624863738529,,,,,,,
_SUMMARY_,,,,,0.036140899060229326,0.009280511276624548,0.03580937719458732,32.34091363626523,1.1102230246251565e-16,4360.0,44.0
