Variable,Coefficient,Std_Error,t_stat,p_value,r2_within,r2_between,r2_overall,f_statistic,f_pvalue,n_obs,n_entities
Return_lag1,34.40120846508301,10.799785027993696,3.1853604841126923,0.001456051319551399,,,,,,,
Return_lag2,12.829829963172381,8.97931961199196,1.4288198346384766,0.15312850640465991,,,,,,,
Return_lag3,6.058699540491911,5.991823289714695,1.0111612521837907,0.3119960324532116,,,,,,,
Volatility,-9.72363437716239,15.477556093182539,-0.6282409392426882,0.5298794105061475,,,,,,,
month_end,4.184427066477466,0.8272975993958593,5.057946583591173,4.4141607635772573e-07,,,,,,,
quarter_end,-1.206717587518402,1.110710419044276,-1.0864376230095478,0.27734619515936343,,,,,,,
january,1.1462792435317501,1.2452423342342855,0.920527042823846,0.3573489385849731,,,,,,,
_SUMMARY_,,,,,0.003368344064926143,-0.006478431083799752,0.004233499935774709,2.427208101297057,0.024102635822722096,4359.0,44.0
