Variable,Coefficient,Std_Error,t_stat,p_value,r2_within,r2_between,r2_overall,f_statistic,f_pvalue,n_obs,n_entities
const,-26.321240347637534,29.58629589713762,-0.8896429765709208,0.3737197405642756,,,,,,,
Return_lag1,301.54702311842925,100.75642893759358,2.9928315870067324,0.0027836433029979624,,,,,,,
Return_lag2,322.0179289581222,82.4313129593782,3.906500059228842,9.54401657689008e-05,,,,,,,
Return_lag3,185.66016619535708,34.14159359105077,5.437946699828989,5.7651109219847285e-08,,,,,,,
Volatility,-124.88205244063599,116.14814617730983,-1.0751962605584175,0.2823621652120887,,,,,,,
VIX_Close,2.6195450086305447,1.4931715207718184,1.7543496994079457,0.0794595057409202,,,,,,,
_SUMMARY_,,,,,0.0452243091399912,0.021901033199231312,0.043837854057929504,32.63546537238205,1.1102230246251565e-16,3494.0,44.0
