Variable,Coefficient,Std_Error,t_stat,p_value,r2_within,r2_between,r2_overall,f_statistic,f_pvalue,n_obs,n_entities
const,11.923537242571724,3.421500834859516,3.484885089341588,0.0004984093983557703,,,,,,,
Return_lag1,296.01427285625175,100.69739680030781,2.9396417609809244,0.0033074842692337736,,,,,,,
Return_lag2,312.13484864621444,82.23511675885479,3.795639392858342,0.00014976458934912174,,,,,,,
Return_lag3,196.1245106693065,42.97832403176481,4.56333547404857,5.208137918710776e-06,,,,,,,
_SUMMARY_,,,,,0.04021346108645607,0.009667833546577298,0.040233098180254,48.76653292337901,1.1102230246251565e-16,3494.0,44.0
