Variable,Coefficient,Std_Error,t_stat,p_value,r2_within,r2_between,r2_overall,f_statistic,f_pvalue,n_obs,n_entities
const,-0.34953367926979106,0.36416607896030634,-0.9598194325723836,0.3372158258470095,,,,,,,
Return_lag1,-0.25364183269695717,12.089196978685365,-0.02098086689663149,0.9832621760862614,,,,,,,
Return_lag2,22.833580558149638,17.479026285645617,1.306341679736552,0.1915266633867172,,,,,,,
Return_lag3,-7.70203837033679,10.028189616220674,-0.768038765230235,0.442518646000424,,,,,,,
Peer_Agg_Flow,-32.4421785831361,1.0105119785671903,-32.1046947203298,0.0,,,,,,,
_SUMMARY_,,,,,0.9600811827379189,0.9345223149578842,0.9588674734418848,20052.713745305995,1.1102230246251565e-16,3494.0,44.0
