Variable,Coefficient,Std_Error,t_stat,p_value,r2_within,r2_between,r2_overall,f_statistic,f_pvalue,n_obs,n_entities
const,8.718496707914808,0.47110305530433483,18.50655946665983,0.0,,,,,,,
Return_lag1,-42.31032322379024,11.744781104724222,-3.602478653839818,0.00033011816530037486,,,,,,,
Excess_lag1,32.0257275570696,22.837202933548614,1.4023489500994335,0.16110977213567823,,,,,,,
Peer_Agg_Flow,-42.90577326322981,0.09826000044606427,-436.6555370288355,0.0,,,,,,,
_SUMMARY_,,,,,0.9989852209333879,0.9999357036525997,0.999124546526666,340943.06130266614,1.1102230246251565e-16,1086.0,44.0
