Variable,Coefficient,Std_Error,t_stat,p_value,r2_within,r2_between,r2_overall,f_statistic,f_pvalue,n_obs,n_entities
const,-0.19560696309147346,1.1574772493254768,-0.1689942184224044,0.8658109853403653,,,,,,,
Return_lag1,-0.7824515297009333,6.666470057818287,-0.11737119088734099,0.9065726683742956,,,,,,,
Return_lag2,8.166853740063976,9.435509369472458,0.8655445530568731,0.38679948372359263,,,,,,,
Return_lag3,-5.080631770176659,5.485389728619671,-0.9262116315398314,0.3544000695624874,,,,,,,
Peer_Agg_Flow,-32.44320242413069,0.9796206194326403,-33.118129386578836,0.0,,,,,,,
_SUMMARY_,,,,,0.9601217957487822,0.9344338883796243,0.9589089806252853,20355.016037034326,1.1102230246251565e-16,3494.0,44.0
