Variable,Coefficient,Std_Error,t_stat,p_value,r2_within,r2_between,r2_overall,f_statistic,f_pvalue,n_obs,n_entities
const,-0.22061337093827538,0.17298818062102192,-1.2753089265768365,0.2022858877873912,,,,,,,
Return_lag1,-0.7398565450828782,6.846644108236445,-0.10806119514709961,0.9139534407129009,,,,,,,
Return_lag2,8.727014038105798,9.551369337163022,0.9136924486994996,0.36094239498250147,,,,,,,
Return_lag3,-3.5945394132872472,5.773724944212574,-0.6225685234434862,0.5336092944664568,,,,,,,
Peer_Agg_Flow,-32.45723845105445,0.9673920680268511,-33.55127618242324,0.0,,,,,,,
_SUMMARY_,,,,,0.9601225105197659,0.9345121498792685,0.9589082741392388,20742.166911554614,1.1102230246251565e-16,3494.0,44.0
