Variable,Coefficient,Std_Error,t_stat,p_value,r2_within,r2_between,r2_overall,f_statistic,f_pvalue,n_obs,n_entities
const,20.37941842806647,6.05958050549931,3.3631731453309905,0.0007772384609245897,,,,,,,
Return_lag1,260.0044755188779,62.499652792311394,4.160094718971994,3.243091096272188e-05,,,,,,,
Return_lag2,260.14516712937865,70.17965064630498,3.7068461403501662,0.00021249137279699681,,,,,,,
Return_lag3,164.48701318347858,28.808043286419643,5.709759998209221,1.207375799339161e-08,,,,,,,
Volatility,-150.67841571387243,89.36844076050826,-1.6860360819952553,0.09186119558027839,,,,,,,
_SUMMARY_,,,,,0.03605272847198182,0.014586511866677587,0.03387593311163939,40.31843072825866,1.1102230246251565e-16,4360.0,44.0
