Variable,Coefficient,Std_Error,t_stat,p_value,r2_within,r2_between,r2_overall,f_statistic,f_pvalue,n_obs,n_entities
const,616.395846031009,17.02233573265071,36.21100275026852,0.0,,,,,,,
Return_lag1,2.1201666074543235,11.336341528279712,0.18702388263138878,0.8516510038716967,,,,,,,
Return_lag2,13.892291311820484,14.066429429309915,0.9876203041884544,0.32339592520337135,,,,,,,
Return_lag3,-7.966634329143502,10.211731724493788,-0.7801452823162979,0.43534963314526176,,,,,,,
Peer_Agg_Flow,-32.89915638197438,0.9231613624279917,-35.63749277314514,0.0,,,,,,,
_SUMMARY_,,,,,-109.32281808031783,-17.768281580474977,-106.75290203323209,26549.45501195327,1.1102230246251565e-16,4360.0,44.0
