sd_flow,mean_aum_millions,CumRet_1_5_1sd_effect,CumRet_1_5_std_beta,CumRet_6_20_1sd_effect,CumRet_6_20_std_beta,CumRet_21_60_1sd_effect,CumRet_21_60_std_beta
65.91158034956732,2075.4118111125545,1.443256869720636,0.021896863374633233,3.844556627427251,0.058329000868092354,4.249268315163123,0.06446922214012758
