sd_flow,mean_aum_millions,CumRet_1_5_1sd_effect,CumRet_1_5_std_beta,CumRet_6_20_1sd_effect,CumRet_6_20_std_beta,CumRet_21_60_1sd_effect,CumRet_21_60_std_beta
65.91158034956732,2075.4118111125545,0.8606297520918008,0.013057337535033789,2.5913795919763687,0.039315998466927675,3.049558202235051,0.04626741137234878
