sd_flow,mean_aum_millions,CumRet_1_5_1sd_effect,CumRet_1_5_std_beta,CumRet_6_20_1sd_effect,CumRet_6_20_std_beta,CumRet_21_60_1sd_effect,CumRet_21_60_std_beta
65.91158034956732,2075.4118111125545,1.4432568697206452,0.021896863374633372,3.844556627427259,0.05832900086809247,4.249268315163142,0.06446922214012786
