Variable,Coefficient,Std_Error,t_stat,p_value
CumRet_1_5,52.004387733238644,17.221084518817356,3.0198090995032176,0.0025343736051464116
CumRet_6_20,21.488756906990687,10.351499726809108,2.0759075954315547,0.03792259807528553
CumRet_21_60,16.79373388719924,6.4893934573942555,2.5878741977131683,0.009668034783267387
CumRet_1_5_x_ARKK,-178.68976404049073,17.221084518817356,-10.37622014137598,0.0
CumRet_6_20_x_ARKK,22.947859253076007,10.351499726809108,2.21686324288295,0.026650107551231095
CumRet_21_60_x_ARKK,25.519002718597356,6.489393457394256,3.932417241478871,8.45433909490989e-05
