Variable,Coefficient,Std_Error,t_stat,p_value
CumRet_1_5,21.755547487412287,90.53735489924352,0.2402936060107281,0.8101445672365748
CumRet_6_20,-88.56373048051178,63.74456592963577,-1.3893534168586632,0.1649885271091962
CumRet_21_60,2.6124191115518722,73.07565304365136,0.035749514410652716,0.9714881611322175
