Variable,Overall_SD,Between_SD,Within_SD,Within_Pct
Fund_Flow,65.9115803495673,1.6795486151663632,65.8904766431144,99.93597383698963
Return,0.02300151793158527,0.0004862677447090451,0.022998590908950813,99.97455092827968
Close,28.226184209078127,24.623897006104194,20.907556881668864,54.865865061837546
Flow_Pct,2.1805876406743985,0.23229779883684412,2.1753264114862207,99.5180306395338
Excess_Return,0.017636596729993043,0.00042700975890303916,0.01763371286232094,99.96729945196525
VIX_Close,6.398508308368979,0.960404117711455,6.343595056919227,98.29092623857699
