Test,statistic,p_value
Breusch-Pagan,18.046018359978035,0.0004303410518081833
White,35.80676686409617,4.2901679226413816e-05
