ETF_excluded,n_obs,n_etfs,r2,CumRet_1_5_coef,CumRet_1_5_pval,CumRet_6_20_coef,CumRet_6_20_pval,CumRet_21_60_coef,CumRet_21_60_pval
ARKK,9921,8,0.020584877346092267,52.00438773323851,0.0047278675185996755,21.488756906990698,0.05213722093690171,16.793733887199252,0.01548040387462467
ARKF,10979,8,0.0034231508856064075,-2.980505371983639,0.9536343832883734,28.846146334462944,0.0035437947682982044,26.01696907985779,0.0003564758838080487
ARKG,9916,8,0.001989431489801463,-22.451114286667327,0.6047433971198053,19.667333443683475,0.03961789462654513,19.452688799187214,0.024591030491612435
ARKX,11521,8,0.0035960048801018107,7.873048421098305,0.8658038169083117,27.59298207614482,0.0019057044590387534,24.51551123777298,0.0004984402703319874
ARKB,12222,8,0.003746307695578155,8.855848497074167,0.8503212718856759,29.947915559462324,0.0001415037063733582,23.97307859732346,0.0011858127279432925
ARKQ,11909,8,0.0035334531255728496,7.495916767417649,0.8705432536306167,27.284052097161723,0.002073238638264978,24.171234803050876,0.0006521685534484952
ARKW,11909,8,0.0036434406151705234,8.107771211972663,0.8634694028043378,28.27349013418766,0.0013358635561557444,24.456858935800522,0.0007251684456096639
PRNT,11909,8,0.0035202910701562784,8.294366330950735,0.8548274554509542,27.28332215408087,0.0017347791801063475,23.71902984615212,0.000785686921070547
IZRL,11290,8,0.003610167025731137,7.887294313094364,0.8697359270526941,28.700436004980247,0.0010028641675547602,24.6522398200691,0.0005288309290087408
