Variable,N,Mean,SD,Min,P25,P50,P75,Max
Fund_Flow,13243,1.5292357320848753,65.91158034956732,-2716.5574,0.0,0.0,0.0,2834.7065
Return,13250,0.0007249290053969948,0.02300151793158527,-0.19005392156862744,-0.01167329456883573,0.001020168629932039,0.013072466670927596,0.16637867193285616
Close,13259,39.24993038781206,28.226184209078127,11.98,20.5732,28.87,47.675,182.2
Flow_Pct,13238,0.1404782067368872,2.180587640674399,-60.98559009475226,0.0,0.0,0.0,86.15378805099486
Excess_Return,13246,0.0001405203615906845,0.017636596729993043,-0.2755402246668116,-0.009064151547325032,-0.00012539211724453634,0.009208713276140812,0.18163602465449982
VIX_Close,13259,18.572567331691126,6.398508308368979,9.140000343322754,14.399999618530272,17.030000686645508,21.030000686645508,82.69000244140625
