Variable,Coefficient,Std_Error,t_stat,p_value
CumRet_1_5,8.23175601569572,20.58284305774846,0.39993289520792685,0.6892126768982973
CumRet_6_20,26.770701522223867,12.24313382053554,2.1865889824156852,0.02879074730595943
CumRet_21_60,23.262094173653242,9.357499318350762,2.485930629782096,0.012934089341077426
