Variable,Coefficient,Std_Error,t_stat,p_value
CumRet_1_5,1.967952808710987,0.9659917664775254,2.037235592480356,0.04162643867770548
CumRet_6_20,1.1872290124442422,0.18967301182305735,6.259346024155442,3.865952238651621e-10
CumRet_21_60,0.6915582418116784,0.09477064004313879,7.29717812918523,2.9386563716648677e-13
