Variable,Coefficient,Std_Error,t_stat,p_value
CumRet_lag1_5,8.566228568817788,54.416635851144086,0.15741929714748595,0.8749144061339379
CumRet_lag6_20,33.04699562631593,7.904706156618681,4.180673509115249,2.906469338329992e-05
CumRet_lag21_60,26.13298058780438,7.728656042846927,3.381309821905082,0.000721411512640388
