Variable,Coefficient,Std_Error,t_stat,p_value
CumRet_lead1_5,-13.220957012133049,7.719614152921716,-1.7126447967777232,0.08677790665218763
CumRet_lead6_20,15.726143663380249,6.921064996876579,2.272214416491874,0.023073562951114547
CumRet_lead21_60,-2.504184527771131,0.8520413983313172,-2.939040911246165,0.0032922961311349828
