Variable,Coefficient,Std_Error,t_stat,p_value
CumRet_1_5,-294.0809038739645,179.20858970616018,-1.640997813532013,0.1011979295973815
CumRet_6_20,-202.11682226185485,243.0365277955205,-0.8316314592508762,0.4058695725772157
CumRet_21_60,1.0706781520637256,104.54206602722724,0.010241601230502516,0.9918311261886243
