Variable,Coefficient,Std_Error,t_stat,p_value
CumRet_1_5,65.09375916646984,17.75216151298929,3.6668075106707776,0.0002455975283743406
CumRet_6_20,28.451175875273094,11.582055083888251,2.4564877018113482,0.014030260430496915
CumRet_21_60,19.206991975340397,8.715399803995197,2.2037992986318065,0.027538461936040648
