Variable,Coefficient,Std_Error,t_stat,p_value
CumRet_lag1_5,8.231756015695654,43.77578550975375,0.1880435935035711,0.8508424780152534
CumRet_lag6_20,26.77070152222371,8.578879539809781,3.120535892594815,0.0018052229684045738
CumRet_lag21_60,23.262094173653356,6.959844549878499,3.3423295602283893,0.0008307835871273962
