SE_Method,Variable,Coefficient,Std_Error,t_stat,p_value
Entity Cluster,CumRet_1_5,8.566228568817838,49.675364190607844,0.17244420264235247,0.8630918074149276
Entity Cluster,CumRet_6_20,33.046995626315905,7.215976346349565,4.579698441366676,4.712635339965132e-06
Entity Cluster,CumRet_21_60,26.13298058780435,7.055265317807979,3.7040393820262003,0.00021333412037627397
Two-way Cluster,CumRet_1_5,8.566228568817838,50.25350662405321,0.17046031499656025,0.8646515838904743
Two-way Cluster,CumRet_6_20,33.046995626315905,8.106122921756318,4.076794288132477,4.60137070816824e-05
Two-way Cluster,CumRet_21_60,26.13298058780435,8.21705000726046,3.1803360773895317,0.0014755256674843231
Driscoll-Kraay,CumRet_1_5,8.566228568817838,24.293777515836986,0.3526099867850341,0.7243882675124746
Driscoll-Kraay,CumRet_6_20,33.046995626315905,14.419434974790846,2.291837071569807,0.021935692296320308
Driscoll-Kraay,CumRet_21_60,26.13298058780435,11.210566129605184,2.3311026656175398,0.019767681275844273
