Test,statistic,p_value
Breusch-Pagan,19.342710434561656,0.00023222411008872197
White,36.85446445945857,2.7939422576431768e-05
