Variable,Coefficient,Std_Error,t_stat,p_value
CumRet_lead1_5,-13.22095701213292,7.7196141529215705,-1.712644796777739,0.08677790665218471
CumRet_lead6_20,15.726143663380244,6.921064996876578,2.2722144164918734,0.023073562951114557
CumRet_lead21_60,-2.5041845277711356,0.8520413983313156,-2.9390409112461757,0.0032922961311348717
