Variable,Coefficient,Std_Error,t_stat,p_value
CumRet_1_5,2.2903966056667167,0.9508748351182537,2.4087256503973795,0.01600832675485552
CumRet_6_20,0.9362159409677894,0.24617104283420274,3.803111569049715,0.00014288996355148265
CumRet_21_60,0.8228314477585205,0.19601093136311692,4.197885505855779,2.6941877537859224e-05
