Variable,VIF
LOWPERF,1.9623780806079902
MIDPERF,3.343377351669077
HIGHPERF,2.0798597365487086
VIX_Close,1.0018514983396034
Peer_Agg_Flow,1.0084668683712128
