Variable,Coefficient,Std_Error,t_stat,p_value,r2_within,r2_between,r2_overall,f_statistic,f_pvalue,n_obs,n_entities
Return_lag1,2.120166607454312,11.336341528279792,0.18702388263138645,0.8516510038716985,,,,,,,
Return_lag2,13.89229131182051,14.066429429309856,0.9876203041884603,0.3233959252033687,,,,,,,
Return_lag3,-7.966634329143465,10.211731724493795,-0.7801452823162938,0.4353496331452642,,,,,,,
month_end,-0.24516556295351283,0.286979835535797,-0.8542954333212434,0.39299037910014967,,,,,,,
Peer_Agg_Flow,-32.8991563819744,0.9231613624279829,-35.63749277314551,0.0,,,,,,,
_SUMMARY_,,,,,0.9621608971688659,0.9394542812874596,0.9612355320166409,26549.45501195327,1.1102230246251565e-16,4360.0,44.0
