Variable,Coefficient,Std_Error,t_stat,p_value,r2_within,r2_between,r2_overall,f_statistic,f_pvalue,n_obs,n_entities
Return_lag1,9.40829348623203,5.196100651142277,1.810644965886827,0.070285243219389,,,,,,,
Return_lag2,-10.243231457279073,8.153383432422341,-1.2563166619328052,0.2090886535581722,,,,,,,
Return_lag3,-9.62770185637789,2.351896163428341,-4.093591377921916,4.3475390206770825e-05,,,,,,,
Volatility,-5.659710642142827,11.826396386214366,-0.4785659517332061,0.6322786297943448,,,,,,,
month_end,0.807229551312983,0.3749658328166873,2.1528082845554097,0.031404834854516395,,,,,,,
quarter_end,2.7932395910975556,0.7189188635496252,3.885333565050829,0.00010416285044501095,,,,,,,
january,-0.07075004788370909,0.3092766461810263,-0.22875974877940689,0.8190695954968121,,,,,,,
Peer_Agg_Flow,-35.07398111532586,5.009459875019747,-7.001549466485665,3.0444535781271043e-12,,,,,,,
_SUMMARY_,,,,,0.9106972578641407,0.9656650498822468,0.9152093854198228,4887.690739321503,1.1102230246251565e-16,3406.0,44.0
