Variable,Coefficient,Std_Error,t_stat,p_value,r2_within,r2_between,r2_overall,f_statistic,f_pvalue,n_obs,n_entities
Return_lag1,9.684148352645229,5.340854120795785,1.813220906921587,0.06988592128424131,,,,,,,
Return_lag2,-10.581483436370503,7.601848135412928,-1.3919619608127993,0.16402498740500882,,,,,,,
Return_lag3,-9.84006483336244,2.2868325922685235,-4.3029231202276845,1.7330899639178554e-05,,,,,,,
month_end,0.5236636906343722,0.6055768937810222,0.8647352565993545,0.3872451363560363,,,,,,,
quarter_end,2.850543918216041,0.7164219412923993,3.9788618325588447,7.069092395850518e-05,,,,,,,
january,-0.004236436480270446,0.3079095106161658,-0.01375870615945835,0.9890232946037327,,,,,,,
Peer_Agg_Flow,-35.48554164172654,4.868550174099423,-7.288728753481647,3.872457909892546e-13,,,,,,,
_SUMMARY_,,,,,0.9105646504022089,0.9688797178767015,0.9152810133902737,6120.312752018472,1.1102230246251565e-16,3406.0,44.0
