Variable,Coefficient,Std_Error,t_stat,p_value,r2_within,r2_between,r2_overall,f_statistic,f_pvalue,n_obs,n_entities
const,6.059712168945452,11.99488442209863,0.505191376232139,0.6135316707149623,,,,,,,
Return_lag1,-25.36928042567768,8.762186245532384,-2.895313990685011,0.0038671686948823503,,,,,,,
VIX_Close,0.1146746665281853,0.6811269941380087,0.16836018468671957,0.8663327273535728,,,,,,,
Peer_Agg_Flow,-42.90475200634149,0.09774092104335552,-438.9640648803583,0.0,,,,,,,
_SUMMARY_,,,,,0.9989840167524363,0.9999347791409656,0.9991229836274388,340210.7964134426,1.1102230246251565e-16,1085.0,44.0
