Variable,Coefficient,Std_Error,t_stat,p_value,r2_within,r2_between,r2_overall,f_statistic,f_pvalue,n_obs,n_entities
const,-66.27774409338922,64.7473128280546,-1.0236369850498488,0.30625383289968133,,,,,,,
Return_lag1,-12.360099805755098,14.47959485170391,-0.8536219371014102,0.393518516085698,,,,,,,
VIX_Close,4.206698649878968,3.6855001239551624,1.141418670029638,0.25396844659271145,,,,,,,
Peer_Agg_Flow,-42.93484159353538,0.07662606840546814,-560.3163843190406,0.0,,,,,,,
_SUMMARY_,,,,,0.9988866649018959,0.999927801127897,0.9990361240451845,488465.33423031424,1.1102230246251565e-16,1085.0,44.0
