Variable,Coefficient,Std_Error,t_stat,p_value,r2_within,r2_between,r2_overall,f_statistic,f_pvalue,n_obs,n_entities
const,6.676953134985579,12.30130419786466,0.542784165612668,0.5873950511205901,,,,,,,
Return_lag1,-42.3209986847431,11.62233256415515,-3.64135154893664,0.0002846121208293084,,,,,,,
Excess_lag1,32.04871377041724,22.800108447450434,1.4056386549337228,0.1601309797049173,,,,,,,
VIX_Close,0.11602991004781918,0.6807147148717186,0.17045306574529556,0.8646870915013838,,,,,,,
Peer_Agg_Flow,-42.905740810255736,0.09790565812049581,-438.2355589444094,0.0,,,,,,,
_SUMMARY_,,,,,0.9989853048199261,0.9999355586863548,0.9991244459775517,255236.19837800963,1.1102230246251565e-16,1085.0,44.0
