Variable,Coefficient,Std_Error,t_stat,p_value,r2_within,r2_between,r2_overall,f_statistic,f_pvalue,n_obs,n_entities
const,-0.5703751454992685,4.677168509202285,-0.12194881248709787,0.9029465823218366,,,,,,,
Return_lag1,-0.7536229632999252,6.668063929971665,-0.11301975674116363,0.9100213959600096,,,,,,,
Return_lag2,8.229225586472328,9.344448993156035,0.8806539146930431,0.3785658419458038,,,,,,,
Return_lag3,-5.192106739324055,6.073933132648323,-0.8548178957413417,0.39271067810518767,,,,,,,
VIX_Close,0.02182100183947744,0.21823014146726477,0.09999077896739877,0.920357392494259,,,,,,,
Peer_Agg_Flow,-32.44314364135563,0.979514586864422,-33.121654415797074,0.0,,,,,,,
_SUMMARY_,,,,,0.960121492811713,0.9344685132689927,0.9589093404919746,16279.49426795041,1.1102230246251565e-16,3494.0,44.0
