Variable,Coefficient,Std_Error,t_stat,p_value,r2_within,r2_between,r2_overall,f_statistic,f_pvalue,n_obs,n_entities
const,19.909203265197633,9.875705270984934,2.015977868810176,0.044070132269276474,,,,,,,
Return_lag1,-24.663129546602722,7.757545181826025,-3.1792440738060055,0.0015221046454965137,,,,,,,
Volatility,-3.778645964407894,46.96342664538427,-0.08045933259810957,0.935888086640793,,,,,,,
VIX_Close,-0.9138032538229278,0.2815387349090959,-3.245746110630139,0.0012104346900330132,,,,,,,
Peer_Agg_Flow,-40.490606920483636,1.099730824656202,-36.81865235808209,0.0,,,,,,,
_SUMMARY_,,,,,0.972137066567303,0.9612102362639418,0.9707816557600928,8696.326408961544,1.1102230246251565e-16,1045.0,44.0
