Variable,Coefficient,Std_Error,t_stat,p_value,r2_within,r2_between,r2_overall,f_statistic,f_pvalue,n_obs,n_entities
const,-211.718883415125,282.9335293123346,-0.7482990224937438,0.45443607804234487,,,,,,,
Return_lag1,-250.44047004632907,376.73645180223207,-0.6647630428334498,0.5063381824568984,,,,,,,
Excess_lag1,-620.1850440292415,528.3570666197327,-1.173799090068003,0.2407237198518395,,,,,,,
VIX_Close,16.763025062022923,17.1371744154051,0.978167383705575,0.3282016518342741,,,,,,,
_SUMMARY_,,,,,0.0038542361279197968,-0.026578667020525915,0.0009113002476682786,1.4522204940397379,0.22604913999131404,1173.0,44.0
