Variable,Coefficient,Std_Error,t_stat,p_value,r2_within,r2_between,r2_overall,f_statistic,f_pvalue,n_obs,n_entities
const,-194.58029555388666,207.07872013407552,-0.9396440900731055,0.3475940969452189,,,,,,,
Return_lag1,-232.52883425454212,300.8634904961458,-0.7728715567019618,0.4397545026344942,,,,,,,
VIX_Close,15.733535304023986,15.798558765993626,0.9958842155836644,0.3195123211863169,,,,,,,
_SUMMARY_,,,,,0.0027661256055702133,-0.019686643929041736,0.0014470964639554662,0.8477782483193238,0.42862856807539507,1173.0,44.0
