{
  "baseline_raw": {
    "original_beta": 421.28697501817675,
    "boot_se": 172.97298248273296,
    "boot_t": 2.4355651904206006,
    "boot_p": 0.0148685451497962,
    "ci_normal": [
      108.6514188873399,
      786.6930508166082
    ],
    "ci_percentile": [
      27.105532780454364,
      683.7379263827712
    ],
    "n_boot": 199
  },
  "baseline_pctaum": {
    "original_beta": 22.82344418185492,
    "boot_se": 8.5099608569242,
    "boot_t": 2.6819681741878325,
    "boot_p": 0.007319042237241208,
    "ci_normal": [
      5.802306659574917,
      39.160740238409005
    ],
    "ci_percentile": [
      7.580213190773998,
      43.52643775992299
    ],
    "n_boot": 199
  }
}