Variable,Coefficient,Std_Error,t_stat,p_value,r2_within,r2_between,r2_overall,f_statistic,f_pvalue,n_obs,n_entities
const,9.152977071595567,4.184617064349891,2.1872914369089456,0.028788296269333324,,,,,,,
Return_lag1,-27.379287047478915,46.864187911389344,-0.5842262133987595,0.5591064028756874,,,,,,,
Return_lag2,8.912481796303352,47.53278836002587,0.18750176675514732,0.8512782871069047,,,,,,,
Return_lag3,-8.457802278547447,70.60818805171725,-0.11978500669571773,0.9046604481158667,,,,,,,
Excess_lag1,322.9895263143083,129.72034498209698,2.4898910526246665,0.012825054643075928,,,,,,,
Excess_lag2,287.4663998632287,101.28923279925189,2.8380746098942895,0.004565228417590106,,,,,,,
Excess_lag3,203.8399274442889,114.69958992043199,1.7771635241738375,0.0756296014683373,,,,,,,
Peer_Agg_Flow,0.6088681837054831,0.20227029637409458,3.010171016803152,0.0026299481067177943,,,,,,,
_SUMMARY_,,,,,0.07862200448735845,0.04951512301282868,0.07764809701826358,41.97060780829452,1.1102230246251565e-16,3494.0,44.0
