Variable,Coefficient,Std_Error,t_stat,p_value,r2_within,r2_between,r2_overall,f_statistic,f_pvalue,n_obs,n_entities
const,616.395846031009,17.022335732650706,36.21100275026853,0.0,,,,,,,
Return_lag1,2.1201666074543133,11.336341528279712,0.1870238826313879,0.8516510038716971,,,,,,,
Return_lag2,13.89229131182048,14.066429429309927,0.9876203041884531,0.32339592520337224,,,,,,,
Return_lag3,-7.9666343291435044,10.211731724493788,-0.7801452823162982,0.4353496331452613,,,,,,,
Peer_Agg_Flow,-32.89915638197438,0.9231613624279915,-35.63749277314515,0.0,,,,,,,
_SUMMARY_,,,,,-109.32281808031783,-17.768281580474977,-106.75290203323209,26549.45501195327,1.1102230246251565e-16,4360.0,44.0
