Variable,Coefficient,Std_Error,t_stat,p_value,r2_within,r2_between,r2_overall,f_statistic,f_pvalue,n_obs,n_entities
Return_lag1,39.66978198120502,16.504893706773416,2.403516356177744,0.01629081244421715,,,,,,,
Return_lag2,9.408410007073162,13.864872184245867,0.678578921034958,0.4974503218832633,,,,,,,
Return_lag3,6.035165645766718,9.35297972206198,0.6452666235906467,0.5187974259510733,,,,,,,
Volatility,-12.926257086645704,20.90609361835814,-0.6183009280746189,0.5364179006436935,,,,,,,
VIX_Close,0.20730324778643341,0.16668685295632144,1.2436688563599858,0.21370615726360565,,,,,,,
month_end,0.8443613165731492,3.3706949839743685,0.25050065953388856,0.8022151456025202,,,,,,,
quarter_end,-1.0544843878160417,1.3931443038931268,-0.7569096646121269,0.44915579154089813,,,,,,,
january,2.7912075760864163,1.628104549920279,1.7143908701828081,0.08654698685488071,,,,,,,
_SUMMARY_,,,,,0.0032519636599097623,-0.005396116659747596,0.0043359025662006445,1.6042539637928506,0.12932133422042402,3493.0,44.0
