Variable,Coefficient,Std_Error,t_stat,p_value,r2_within,r2_between,r2_overall,f_statistic,f_pvalue,n_obs,n_entities
Return_lag1,47.73795131358805,24.764751875880304,1.9276571617938378,0.053978934739320694,,,,,,,
Return_lag2,17.402226733254736,7.030270468116597,2.4753281985631452,0.013358571916200823,,,,,,,
Return_lag3,11.92482899796796,4.01818784606645,2.967713171906985,0.0030206500907863365,,,,,,,
VIX_Close,0.28881179274354263,0.2107860782971247,1.370165406922333,0.17072350609244147,,,,,,,
month_end,-1.608048271724459,2.6713528257427015,-0.6019602713008838,0.547239730674224,,,,,,,
quarter_end,-1.00805171061403,1.340306368416558,-0.7521054397472912,0.45203843054989257,,,,,,,
january,3.5174933716372783,1.0987307452074233,3.2014152575417647,0.001379833754644677,,,,,,,
_SUMMARY_,,,,,0.00283613101428859,0.0024152063335357576,0.004979746889241743,2.907712615501329,0.007880252975795754,3493.0,44.0
