Variable,Coefficient,Std_Error,t_stat,p_value,r2_within,r2_between,r2_overall,f_statistic,f_pvalue,n_obs,n_entities
const,11.965854608827202,2.511686722541154,4.764071291789512,1.9755226023931982e-06,,,,,,,
Return_lag1,293.0717226652407,100.03701041699665,2.929632957278447,0.0034158976175255873,,,,,,,
Return_lag2,310.4913153531879,80.92875813809523,3.836600517499251,0.00012698367280616907,,,,,,,
Return_lag3,197.27371837500286,40.184908683376115,4.909149350801237,9.57167833215422e-07,,,,,,,
_SUMMARY_,,,,,0.04021565455593268,0.00957413181851896,0.04023095943290678,48.14392660612477,1.1102230246251565e-16,3494.0,44.0
