Variable,Coefficient,Std_Error,t_stat,p_value,r2_within,r2_between,r2_overall,f_statistic,f_pvalue,n_obs,n_entities
Return_lag1,281.2793803645576,73.62106170402706,3.820637380853904,0.00013496327188544655,,,,,,,
Return_lag2,263.0552383701372,75.51107964862796,3.483664113851893,0.0004994712150536706,,,,,,,
Return_lag3,172.45904161872542,33.89845943985122,5.0875185618607075,3.780539372666425e-07,,,,,,,
VIX_Close,1.4474415482910843,0.9766835340675043,1.481996468460011,0.13841361883920622,,,,,,,
month_end,-16.682212568651998,18.417283417258027,-0.9057911631538357,0.3650965313935228,,,,,,,
quarter_end,-2.672268313874252,2.7919104485331414,-0.957146858087175,0.3385462893266906,,,,,,,
january,17.368833313863803,12.343531443216563,1.4071202713554811,0.15946312249714234,,,,,,,
_SUMMARY_,,,,,0.03907593388198882,0.013838511952600996,0.03885979017906305,29.332637930279297,1.1102230246251565e-16,4360.0,44.0
