Variable,Coefficient,Std_Error,t_stat,p_value,r2_within,r2_between,r2_overall,f_statistic,f_pvalue,n_obs,n_entities
const,66.59982859077283,11.273006093609965,5.907903183741251,4.3259513748949985e-09,,,,,,,
Return_lag1,-338.6914148325555,394.3430570545192,-0.8588750550405413,0.3905536987001068,,,,,,,
_SUMMARY_,,,,,0.0009252340385205171,-0.02229213844580502,-0.00027727065343996493,1.321531699079753,0.25050997226607186,1472.0,44.0
