Variable,Coefficient,Std_Error,t_stat,p_value,r2_within,r2_between,r2_overall,f_statistic,f_pvalue,n_obs,n_entities
const,-0.24516556295351175,0.2869798355357978,-0.8542954333212371,0.3929903791001528,,,,,,,
Return_lag1,2.1201666074543137,11.336341528279723,0.18702388263138775,0.8516510038716973,,,,,,,
Return_lag2,13.892291311820516,14.066429429309858,0.9876203041884606,0.32339592520336824,,,,,,,
Return_lag3,-7.966634329143458,10.211731724493776,-0.7801452823162945,0.43534963314526376,,,,,,,
Peer_Agg_Flow,-32.8991563819744,0.9231613624279826,-35.63749277314552,0.0,,,,,,,
_SUMMARY_,,,,,0.9621608971688659,0.9394542812874596,0.9612355320166409,26549.45501195327,1.1102230246251565e-16,4360.0,44.0
