Variable,Coefficient,Std_Error,t_stat,p_value,r2_within,r2_between,r2_overall,f_statistic,f_pvalue,n_obs,n_entities
const,-0.48417590599379673,3.207974772436565,-0.15092883839172114,0.8800388430812092,,,,,,,
Return_lag1,0.9472685430599802,6.406022506812405,0.14787156024703618,0.8824509802066689,,,,,,,
Return_lag2,4.094851772580981,7.463549273532111,0.5486467125101593,0.5832760531108483,,,,,,,
Return_lag3,-4.881009796747045,5.937345439827612,-0.8220862077529318,0.41107285015094464,,,,,,,
VIX_Close,0.016922819364011247,0.12798514121553828,0.13222487550731943,0.8948125357979293,,,,,,,
Peer_Agg_Flow,-32.889328777554,0.8913696865069399,-36.89751769149706,0.0,,,,,,,
_SUMMARY_,,,,,0.9621867410020419,0.939363209619216,0.9612638010717638,21609.464561147804,1.1102230246251565e-16,4360.0,44.0
