Variable,Coefficient,Std_Error,t_stat,p_value,r2_within,r2_between,r2_overall,f_statistic,f_pvalue,n_obs,n_entities
const,0.09549911079444884,1.2319093443769429,0.07752121633816243,0.9382125114139717,,,,,,,
Return_lag1,0.9294091595888572,6.3002223470240555,0.14752005697511114,0.8827284484000031,,,,,,,
Return_lag2,4.626429385229909,7.756836188069529,0.596432523912988,0.5509176349620657,,,,,,,
Return_lag3,-4.175603166348438,6.024603365000639,-0.6930917959854764,0.4882892823393621,,,,,,,
Volatility,-4.492445760533398,20.361609081216663,-0.22063314066262202,0.8253885423361444,,,,,,,
Peer_Agg_Flow,-32.91061392506433,0.885439270549688,-37.168685667886805,0.0,,,,,,,
_SUMMARY_,,,,,0.9621884838657382,0.9398750827825271,0.9612742564088127,21940.376784768054,1.1102230246251565e-16,4360.0,44.0
