Variable,Coefficient,Std_Error,t_stat,p_value,r2_within,r2_between,r2_overall,f_statistic,f_pvalue,n_obs,n_entities
const,-0.07457016582733954,0.22077982133631407,-0.33775806763493454,0.735561964651346,,,,,,,
Return_lag1,-1.9930530903290653,7.287137711291663,-0.27350287167494625,0.784479793232356,,,,,,,
Return_lag2,-4.231180135456699,8.838763356930382,-0.47870725401184944,0.6321711932925091,,,,,,,
Return_lag3,-1.7618016361732787,7.717408908702971,-0.2282892687189976,0.8194321989881956,,,,,,,
Excess_lag1,3.97537194352974,13.523780992473107,0.29395417936317525,0.7688070747366922,,,,,,,
Excess_lag2,15.182523126139202,13.327289297326661,1.1392056394532295,0.2546807193163665,,,,,,,
Excess_lag3,-5.19657658988904,10.958391540246904,-0.4742097935452994,0.6353743383605428,,,,,,,
Peer_Agg_Flow,-32.90455376956629,0.8928822922049001,-36.85206219994707,0.0,,,,,,,
_SUMMARY_,,,,,0.9622006112288068,0.939538929167663,0.9612751318521806,15669.65033248929,1.1102230246251565e-16,4360.0,44.0
