Variable,Coefficient,Std_Error,t_stat,p_value,r2_within,r2_between,r2_overall,f_statistic,f_pvalue,n_obs,n_entities
const,-0.24516556295351224,0.2869798355357976,-0.8542954333212395,0.39299037910015144,,,,,,,
Return_lag1,2.120166607454318,11.336341528279721,0.18702388263138817,0.8516510038716971,,,,,,,
Return_lag2,13.892291311820511,14.066429429309858,0.9876203041884603,0.3233959252033687,,,,,,,
Return_lag3,-7.9666343291434565,10.211731724493777,-0.7801452823162943,0.43534963314526376,,,,,,,
Peer_Agg_Flow,-32.8991563819744,0.9231613624279826,-35.63749277314552,0.0,,,,,,,
_SUMMARY_,,,,,0.9621608971688659,0.9394542812874596,0.9612355320166409,26549.45501195327,1.1102230246251565e-16,4360.0,44.0
