Variable,Coefficient,Std_Error,t_stat,p_value,r2_within,r2_between,r2_overall,f_statistic,f_pvalue,n_obs,n_entities
Return_lag1,317.2214801399785,102.74689423634591,3.0874069965587716,0.0020351792881179165,,,,,,,
Return_lag2,299.6659430742637,73.80499002239648,4.060239598749741,5.011305840607605e-05,,,,,,,
Return_lag3,199.05296390718024,39.38488316914181,5.0540447981610095,4.5507725721094516e-07,,,,,,,
Volatility,-112.4681341381249,126.23681116418668,-0.8909297779381175,0.3730290786668382,,,,,,,
month_end,15.619649372965792,8.919111855999027,1.7512561368383288,0.07999081486939885,,,,,,,
quarter_end,-3.4852349900084447,3.084728145097365,-1.1298353780535297,0.25862428015108074,,,,,,,
january,41.31377591145707,14.459783656333785,2.8571503483982275,0.004300266395562913,,,,,,,
_SUMMARY_,,,,,0.04606569925331605,0.0126278185372809,0.0448303355373898,27.718587486272785,1.1102230246251565e-16,3494.0,44.0
