Variable,Coefficient,Std_Error,t_stat,p_value,r2_within,r2_between,r2_overall,f_statistic,f_pvalue,n_obs,n_entities
Return_lag1,47.56883334683675,24.68577261121037,1.9269736498032335,0.05406407429350879,,,,,,,
Return_lag2,16.57790397179952,7.325109751049608,2.2631611723529583,0.023686988712720014,,,,,,,
Return_lag3,13.280704061482853,3.31840658898249,4.002132862674632,6.407937490227056e-05,,,,,,,
month_end,3.3973941169138286,1.4481427099630055,2.3460354380409227,0.019030020328961283,,,,,,,
quarter_end,-1.195741074365956,1.43927800277575,-0.8307922945114734,0.4061478560817613,,,,,,,
january,3.7206942264621174,1.0589231140918791,3.513658524351831,0.000447596631519831,,,,,,,
_SUMMARY_,,,,,0.0026195110885026684,0.000465250787192506,0.004488570916036605,3.1444434140995705,0.007775470738994206,3493.0,44.0
