Variable,Coefficient,Std_Error,t_stat,p_value,r2_within,r2_overall,f_statistic,f_pvalue,n_obs,n_entities
Return_lag1,-550.8227649743936,629.7624815778503,-0.8746516045133784,0.38176350006535964,,,,,,
VIX_Close,0.30555465225738515,0.39567375316651204,0.7722388705646545,0.4399729633566418,,,,,,
_SUMMARY_,,,,,0.0048649603775844374,0.6018301782905032,3.375677678877211,0.03446040652589222,1471.0,44.0
