Variable,Coefficient,Std_Error,t_stat,p_value,r2_within,r2_between,r2_overall,f_statistic,f_pvalue,n_obs,n_entities
Return_lag1,0.6958708721696147,6.44894105256417,0.10790467248773018,0.9140762836540628,,,,,,,
Return_lag2,4.268723265969302,6.908348216036706,0.6179079473817046,0.5366683448094567,,,,,,,
Return_lag3,-5.139944325252502,6.154166555535482,-0.8351974680680817,0.40365237144791166,,,,,,,
month_end,-0.06559915274245211,0.9786363010774848,-0.06703118683644478,0.9465599539354714,,,,,,,
quarter_end,-0.16884813389692838,1.0858168814633993,-0.15550332360772004,0.8764317441049658,,,,,,,
january,-0.5100757136530719,1.9837361967979315,-0.2571288029509246,0.7970914961291358,,,,,,,
Peer_Agg_Flow,-32.88958938439966,0.8908307352073848,-36.92013317966964,0.0,,,,,,,
_SUMMARY_,,,,,0.9621877593066693,0.9393542660411658,0.9612643257416483,18004.004878660442,1.1102230246251565e-16,4360.0,44.0
