Variable,Coefficient,Std_Error,t_stat,p_value,r2_within,r2_between,r2_overall,f_statistic,f_pvalue,n_obs,n_entities
Return_lag1,0.8094374696753075,6.370113969818749,0.1270679729609828,0.8988925273859754,,,,,,,
Return_lag2,4.899998320344734,7.184837295697013,0.6819915495204513,0.4952809411247061,,,,,,,
Return_lag3,-4.277667432653948,6.129137704133276,-0.6979232053750789,0.4852628707653288,,,,,,,
month_end,-0.07919815196611199,0.5042493457508083,-0.15706148680904866,0.8752037466373026,,,,,,,
quarter_end,-0.17752442083229894,1.0898766570978642,-0.1628848729589392,0.8706167176691666,,,,,,,
january,-0.4891337369449715,1.9804111279869936,-0.24698595661909645,0.8049308558151045,,,,,,,
Peer_Agg_Flow,-32.91106509526876,0.8852153862954412,-37.17859585902484,0.0,,,,,,,
_SUMMARY_,,,,,0.9621885112020381,0.9394959156124972,0.9612635767963491,18279.419893777154,1.1102230246251565e-16,4360.0,44.0
