Variable,Coefficient,Std_Error,t_stat,p_value,r2_within,r2_between,r2_overall,f_statistic,f_pvalue,n_obs,n_entities
Return_lag1,0.8826339402805308,6.441365630351941,0.1370259027249639,0.8910167225053827,,,,,,,
Return_lag2,4.935521276743811,7.195637329342911,0.6859046740192659,0.49281012400094126,,,,,,,
Return_lag3,-4.342428046275463,6.0594791179531775,-0.7166338825080869,0.4736388707588457,,,,,,,
Volatility,-4.329866884646527,20.50159302293625,-0.21119660700524434,0.8327438454573994,,,,,,,
month_end,0.18581374892025904,1.2752299437485464,0.14570999515119473,0.8841571460397992,,,,,,,
quarter_end,-0.18170110400187672,1.0882240179156406,-0.1669703121880207,0.8674012430359994,,,,,,,
january,-0.46299180591384476,2.000598513623402,-0.23142664695641155,0.8169943540511748,,,,,,,
Peer_Agg_Flow,-32.91036987602525,0.8856478177668203,-37.15965784120537,0.0,,,,,,,
_SUMMARY_,,,,,0.9621893815909734,0.9398583318403569,0.9612747922987221,15664.81367151654,1.1102230246251565e-16,4360.0,44.0
