Variable,Coefficient,Std_Error,t_stat,p_value,r2_within,r2_between,r2_overall,f_statistic,f_pvalue,n_obs,n_entities
const,-14.832081486710234,19.78623152292198,-0.7496162909813091,0.45352673033043667,,,,,,,
Return_lag1,273.24573861853276,70.48837571000637,3.8764652450310813,0.00010756128254141295,,,,,,,
Return_lag2,271.50624009651165,77.84603902689022,3.4877335249225165,0.0004919981784528016,,,,,,,
Return_lag3,174.9718275419209,32.06056772248095,5.457539899370848,5.098663646840862e-08,,,,,,,
VIX_Close,1.3784293785333521,1.002972444122538,1.374344217142762,0.1694062684879094,,,,,,,
_SUMMARY_,,,,,0.037897105158549715,0.014203559689846657,0.03769685510143572,42.46227672732364,1.1102230246251565e-16,4360.0,44.0
