Variable,Coefficient,Std_Error,t_stat,p_value,r2_within,r2_between,r2_overall,f_statistic,f_pvalue,n_obs,n_entities
const,13.03904840187153,10.750390819092118,1.2128906400979282,0.2253667722468442,,,,,,,
Return_lag1,-90.05960299394279,143.21704803683485,-0.62883297923289,0.5295562383139556,,,,,,,
VIX_Close,2.443569632997443,2.1516577108376684,1.135668382888898,0.256280751806752,,,,,,,
_SUMMARY_,,,,,0.0007634079898937163,-0.01930708849289009,0.0002002393446953743,0.14700511521436332,0.8633022684210105,1471.0,44.0
