Variable,Coefficient,Std_Error,t_stat,p_value,r2_within,r2_between,r2_overall,f_statistic,f_pvalue,n_obs,n_entities
const,11.12935925099677,3.1368656637017036,3.5479234510359645,0.00039237352223420174,,,,,,,
Return_lag1,259.246259157594,65.06966787707886,3.984133738738736,6.883328792128829e-05,,,,,,,
Return_lag2,257.88589888081987,72.89303413517105,3.5378675334408856,0.0004075788883142195,,,,,,,
Return_lag3,165.75271897043262,31.76712387608762,5.21774396753624,1.8953403779775613e-07,,,,,,,
_SUMMARY_,,,,,0.03509651836689587,0.00992452854003889,0.03478643442649554,52.33028688035472,1.1102230246251565e-16,4360.0,44.0
