Variable,Coefficient,Std_Error,t_stat,p_value,r2_within,r2_between,r2_overall,f_statistic,f_pvalue,n_obs,n_entities
const,-7.48809042816743,19.54826821461993,-0.38305646034502283,0.7016967879603309,,,,,,,
Return_lag1,282.4563071292975,69.56341654294381,4.060414527727054,4.9855099369500167e-05,,,,,,,
Return_lag2,278.8487252275335,76.85588740299137,3.628202531387078,0.00028870752451881643,,,,,,,
Return_lag3,173.91468367026252,29.852888045686047,5.825723909998531,6.1008496032854964e-09,,,,,,,
Volatility,-268.9708819767138,74.26998997263898,-3.6215284541684003,0.0002962368437398055,,,,,,,
VIX_Close,1.8655193269678416,1.0199916952285046,1.8289554078672345,0.06747533525884664,,,,,,,
_SUMMARY_,,,,,0.04059202954143615,0.007753895509158504,0.0364639551375856,36.47921316924027,1.1102230246251565e-16,4360.0,44.0
