Variable,Coefficient,Std_Error,t_stat,p_value,r2_within,r2_between,r2_overall,f_statistic,f_pvalue,n_obs,n_entities
const,2.278640970744964,6.689909085889426,0.34060866022098085,0.7334189715510617,,,,,,,
Return_lag1,153.1159959844233,99.50067565626043,1.5388437814571714,0.1239342508809469,,,,,,,
Return_lag2,157.9459745987753,78.05012387688329,2.023647968168765,0.04308341811965599,,,,,,,
Return_lag3,92.00327284882586,36.27992847771784,2.5359276247011295,0.011258805730288701,,,,,,,
Volatility,-141.8564912147268,99.39916056839763,-1.4271397303915239,0.15363022459202003,,,,,,,
_SUMMARY_,,,,,0.011586315835392935,0.00909452102504682,0.010354190662108076,10.09861685659212,3.989543839733045e-08,3494.0,44.0
