Variable,Coefficient,Std_Error,t_stat,p_value,r2_within,r2_between,r2_overall,f_statistic,f_pvalue,n_obs,n_entities
Return_lag1,9.165940210081468,5.376903253432438,1.7046875828071173,0.08834529067525154,,,,,,,
Return_lag2,-10.805220929542042,7.91872996515442,-1.3645143826206143,0.172497243362145,,,,,,,
Return_lag3,-9.15835331385802,2.271157943776666,-4.03245989075897,5.6424228656259956e-05,,,,,,,
VIX_Close,-0.11108230470678683,0.06438400713290289,-1.7253089649652946,0.08456389346750859,,,,,,,
month_end,2.420061742415754,1.0716977342011895,2.2581570019083723,0.023999859955630365,,,,,,,
quarter_end,2.729917702281919,0.7222740182779428,3.779614984338814,0.00015980261929415818,,,,,,,
january,0.02234465638905306,0.333173301534067,0.06706616732544014,0.9465330239933547,,,,,,,
Peer_Agg_Flow,-35.07963153423026,5.004114041004579,-7.010158291114405,2.865485626557529e-12,,,,,,,
_SUMMARY_,,,,,0.9107619287687677,0.9656047417181893,0.9152430309973559,4891.5801916323635,1.1102230246251565e-16,3406.0,44.0
